tourney_id,tourney_name,surface,draw_size,tourney_level,tourney_date,match_num,winner_id,winner_seed,winner_entry,winner_name,winner_hand,winner_ht,winner_ioc,winner_age,winner_rank,winner_rank_points,loser_id,loser_seed,loser_entry,loser_name,loser_hand,loser_ht,loser_ioc,loser_age,loser_rank,loser_rank_points,score,best_of,round
1972-W-SL-AUS-01A-1972,Australian Open,Grass,32,G,19711227,001,200150,1,,Evonne Cawley,R,,AUS,,,,200225,,,Helen Worland,R,,AUS,,,,6-0 6-1,3,R32
1972-W-SL-AUS-01A-1972,Australian Open,Grass,32,G,19711227,002,200161,,,Janine Whyte,U,,AUS,,,,200222,,,Anne Coleman,U,,AUS,,,,6-4 6-2,3,R32
1972-W-SL-AUS-01A-1972,Australian Open,Grass,32,G,19711227,003,200226,,,Mona Guerrant,U,,USA,,,,200174,,,Kerry Wilkinson,U,,AUS,,,,6-1 6-2,3,R32
1972-W-SL-AUS-01A-1972,Australian Open,Grass,32,G,19711227,004,200179,8,,Barbara Hawcroft,U,,AUS,,,,200227,,,Diane James,U,,AUS,,,,7-5 6-1,3,R32
1972-W-SL-AUS-01A-1972,Australian Open,Grass,32,G,19711227,005,200228,5,,Olga Morozova,U,,URS,,,,200132,,,Kay Williams,U,,AUS,,,,6-0 6-1,3,R32
1972-W-SL-AUS-01A-1972,Australian Open,Grass,32,G,19711227,006,200199,,,Sally Irvine,U,,AUS,,,,200229,,,Robyn Knobel,U,,AUS,,,,6-2 6-4,3,R32
1972-W-SL-AUS-01A-1972,Australian Open,Grass,32,G,19711227,007,200148,,,Marilyn Tesch,U,,AUS,,,,200208,,,Mandy Morgan,U,,AUS,,,,6-4 6-2,3,R32
1972-W-SL-AUS-01A-1972,Australian Open,Grass,32,G,19711227,008,200184,4,,Helen Cawley,U,,AUS,,,,200230,,,Patricia Billing,U,,AUS,,,,6-1 6-2,3,R32
1972-W-SL-AUS-01A-1972,Australian Open,Grass,32,G,19711227,009,200152,3,,Gail Benedetti,R,,FRA,,,,200231,,,Brenda Dart,U,,AUS,,,,6-2 6-1,3,R32
1972-W-SL-AUS-01A-1972,Australian Open,Grass,32,G,19711227,010,200171,,,Janet Young,U,,AUS,,,,200232,,,Ann Lebedeff,U,,USA,,,,6-0 6-1,3,R32
1972-W-SL-AUS-01A-1972,Australian Open,Grass,32,G,19711227,011,200209,,,Wendy Turnbull,U,,AUS,,,,200138,,,Sandra Hole,U,,AUS,,,,6-0 6-4,3,R32
1972-W-SL-AUS-01A-1972,Australian Open,Grass,32,G,19711227,012,200145,6,,Kerry Harris,U,,AUS,,,,200233,,,Christine Dorey,U,,AUS,,,,6-3 6-2,3,R32
1972-W-SL-AUS-01A-1972,Australian Open,Grass,32,G,19711227,013,200168,7,,Karen Krantzcke,R,,AUS,,,,200234,,,Pam Whytcross,U,,AUS,,,,6-2 6-0,3,R32
1972-W-SL-AUS-01A-1972,Australian Open,Grass,32,G,19711227,014,200219,,,Patricia Coleman,U,,AUS,,,,200235,,,Maureen Pratt,U,,AUS,,,,6-3 6-3,3,R32
1972-W-SL-AUS-01A-1972,Australian Open,Grass,32,G,19711227,015,200205,,,Judy Harris,U,,AUS,,,,200236,,,Patricia King,U,,AUS,,,,6-3 5-7 6-1,3,R32
1972-W-SL-AUS-01A-1972,Australian Open,Grass,32,G,19711227,016,200237,2,,Virginia Wade,R,,GBR,,,,200207,,,Cheryl Norquay,U,,AUS,,,,6-3 6-1,3,R32
1972-W-SL-AUS-01A-1972,Australian Open,Grass,32,G,19711227,017,200150,1,,Evonne Cawley,R,,AUS,,,,200161,,,Janine Whyte,U,,AUS,,,,6-3 6-1,3,R16
1972-W-SL-AUS-01A-1972,Australian Open,Grass,32,G,19711227,018,200179,8,,Barbara Hawcroft,U,,AUS,,,,200226,,,Mona Guerrant,U,,USA,,,,5-7 7-5 6-3,3,R16
1972-W-SL-AUS-01A-1972,Australian Open,Grass,32,G,19711227,019,200228,5,,Olga Morozova,U,,URS,,,,200199,,,Sally Irvine,U,,AUS,,,,7-5 4-6 6-1,3,R16
1972-W-SL-AUS-01A-1972,Australian Open,Grass,32,G,19711227,020,200184,4,,Helen Cawley,U,,AUS,,,,200148,,,Marilyn Tesch,U,,AUS,,,,6-3 7-6,3,R16
1972-W-SL-AUS-01A-1972,Australian Open,Grass,32,G,19711227,021,200152,3,,Gail Benedetti,R,,FRA,,,,200171,,,Janet Young,U,,AUS,,,,7-5 4-6 6-1,3,R16
1972-W-SL-AUS-01A-1972,Australian Open,Grass,32,G,19711227,022,200145,6,,Kerry Harris,U,,AUS,,,,200209,,,Wendy Turnbull,U,,AUS,,,,6-1 7-6,3,R16
1972-W-SL-AUS-01A-1972,Australian Open,Grass,32,G,19711227,023,200219,,,Patricia Coleman,U,,AUS,,,,200168,7,,Karen Krantzcke,R,,AUS,,,,7-6 5-7 6-1,3,R16
1972-W-SL-AUS-01A-1972,Australian Open,Grass,32,G,19711227,024,200237,2,,Virginia Wade,R,,GBR,,,,200205,,,Judy Harris,U,,AUS,,,,6-1 6-0,3,R16
1972-W-SL-AUS-01A-1972,Australian Open,Grass,32,G,19711227,025,200150,1,,Evonne Cawley,R,,AUS,,,,200179,8,,Barbara Hawcroft,U,,AUS,,,,6-1 3-6 6-1,3,QF
1972-W-SL-AUS-01A-1972,Australian Open,Grass,32,G,19711227,026,200184,4,,Helen Cawley,U,,AUS,,,,200228,5,,Olga Morozova,U,,URS,,,,6-2 6-1,3,QF
1972-W-SL-AUS-01A-1972,Australian Open,Grass,32,G,19711227,027,200145,6,,Kerry Harris,U,,AUS,,,,200152,3,,Gail Benedetti,R,,FRA,,,,6-3 7-6,3,QF
1972-W-SL-AUS-01A-1972,Australian Open,Grass,32,G,19711227,028,200237,2,,Virginia Wade,R,,GBR,,,,200219,,,Patricia Coleman,U,,AUS,,,,6-2 6-2,3,QF
1972-W-SL-AUS-01A-1972,Australian Open,Grass,32,G,19711227,029,200150,1,,Evonne Cawley,R,,AUS,,,,200184,4,,Helen Cawley,U,,AUS,,,,6-2 7-6,3,SF
1972-W-SL-AUS-01A-1972,Australian Open,Grass,32,G,19711227,030,200237,2,,Virginia Wade,R,,GBR,,,,200145,6,,Kerry Harris,U,,AUS,,,,7-6 2-6 6-0,3,SF
1972-W-SL-AUS-01A-1972,Australian Open,Grass,32,G,19711227,031,200237,2,,Virginia Wade,R,,GBR,,,,200150,1,,Evonne Cawley,R,,AUS,,,,6-4 6-4,3,F
1972-W-SL-FRA-01A-1972,French Open,Clay,17,G,19720522,001,200785,,,Vlasta Kodesova,U,,CZE,,,,200254,,Q,Michele Gurdal,U,,BEL,,,,6-0 6-0,3,R128
1972-W-SL-FRA-01A-1972,French Open,Clay,17,G,19720522,002,200759,,,Katja Ebbinghaus,U,,FRG,,,,200874,,,Jill Cooper,U,,GBR,,,,6-4 6-4,3,R128
1972-W-SL-FRA-01A-1972,French Open,Clay,17,G,19720522,003,200894,,Q,Isabel Fernandez De Soto,U,,COL,,,,200813,,,Ingrid Bentzer,R,,SWE,,,,6-2 6-3,3,R128
1972-W-SL-FRA-01A-1972,French Open,Clay,17,G,19720522,004,200787,,,Fiorella Bonicelli,U,,URU,,,,200812,,,Odile De Roubin,U,,FRA,,,,6-2 0-6 6-2,3,R128
1972-W-SL-FRA-01A-1972,French Open,Clay,17,G,19720522,005,200896,,Q,Nancy Ornstein,U,,USA,,,,200882,,,Alena Palmeova West,U,,TCH,,,,6-3 5-7 6-2,3,R128
1972-W-SL-FRA-01A-1972,French Open,Clay,17,G,19720522,006,200897,,,Heide Schildknecht,U,,GER,,,,200139,,,Lita Sugiarto,U,,INA,,,,6-3 6-1,3,R128
1972-W-SL-FRA-01A-1972,French Open,Clay,17,G,19720522,007,200226,,Q,Mona Guerrant,U,,USA,,,,200873,,LL,Ana Maria Arias,U,,CHI,,,,4-6 6-2 9-7,3,R128
1972-W-SL-FRA-01A-1972,French Open,Clay,17,G,19720522,008,200219,,,Patricia Coleman,U,,AUS,,,,200214,,,Christina Sandberg,U,,SWE,,,,6-3 2-6 6-3,3,R128
1972-W-SL-FRA-01A-1972,French Open,Clay,17,G,19720522,009,200898,,Q,Erzsebet Szell,U,,HUN,,,,200801,,,Kora Schediwy,U,,FRG,,,,6-1 6-3,3,R128
1972-W-SL-FRA-01A-1972,French Open,Clay,17,G,19720522,010,200887,,,Gertruida Walhof,U,,NED,,,,200899,,LL,Marina Chuvirina,U,,URS,,,,7-5 6-2,3,R128
1972-W-SL-FRA-01A-1972,French Open,Clay,17,G,19720522,011,200808,,,Laura Rossouw,U,,RSA,,,,200900,,Q,Barbara Downs,U,,USA,,,,6-2 6-0,3,R128
1972-W-SL-FRA-01A-1972,French Open,Clay,17,G,19720522,012,200141,,,Wendy Gilchrist,L,,AUS,,,,200889,,,Miroslava Holubova,U,,TCH,,,,6-3 6-3,3,R128
1972-W-SL-FRA-01A-1972,French Open,Clay,17,G,19720522,013,200890,,Q,Sonja Pachta,U,,AUT,,,,200223,,,Sharon Walsh Pete,R,,USA,,,,6-2 2-6 6-3,3,R128
1972-W-SL-FRA-01A-1972,French Open,Clay,17,G,19720522,014,200902,,,Corinne Molesworth,U,,GBR,,,,200238,,,Nathalie Fuchs,U,,FRA,,,,7-5 6-4,3,R128
1972-W-SL-FRA-01A-1972,French Open,Clay,17,G,19720522,015,200251,,,Kazuko Sawamatsu,U,,JPN,,,,200298,,Q,Laura Du Pont,U,,USA,,,,6-3 6-2,3,R128
1972-W-SL-FRA-01A-1972,French Open,Clay,17,G,19720522,016,200283,,,Pam Teeguarden,U,,USA,,,,200145,,,Kerry Harris,U,,AUS,,,,6-2 6-0,3,R128
1972-W-SL-GBR-01A-1972,Wimbledon,Grass,96,G,19720626,001,200259,4,,Chris Evert,R,,USA,,,,200862,,,Valerie Ziegenfuss,U,,USA,,,,1-6 6-3 6-3,3,R128
1972-W-SL-GBR-01A-1972,Wimbledon,Grass,96,G,19720626,002,200263,,,Janet Wright,U,,USA,,,,200759,,,Katja Ebbinghaus,U,,FRG,,,,6-3 6-1,3,R128
1972-W-SL-GBR-01A-1972,Wimbledon,Grass,96,G,19720626,003,201113,,,Shirley Brasher,U,,GBR,,,,201126,,,Carole Graebner,U,,USA,,,,6-1 9-8,3,R128
1972-W-SL-GBR-01A-1972,Wimbledon,Grass,96,G,19720626,004,200175,,,Mary Ann Beattie,U,,USA,,,,200254,,,Michele Gurdal,U,,BEL,,,,6-2 6-4,3,R128
1972-W-SL-GBR-01A-1972,Wimbledon,Grass,96,G,19720626,005,200930,,,Julie Anthony,U,,USA,,,,200812,,,Odile De Roubin,U,,FRA,,,,6-1 3-6 6-0,3,R128
1972-W-SL-GBR-01A-1972,Wimbledon,Grass,96,G,19720626,006,200917,,,Veronica Burton,U,,GBR,,,,200265,,,Lindsey Beaven,U,,GBR,,,,2-6 6-2 6-4,3,R128
1972-W-SL-GBR-01A-1972,Wimbledon,Grass,96,G,19720626,007,200874,,,Jill Cooper,U,,GBR,,,,201136,,,Patricia Faulkner,R,,USA,,,,6-0 6-3,3,R128
1972-W-SL-GBR-01A-1972,Wimbledon,Grass,96,G,19720626,008,200785,,,Vlasta Kodesova,U,,CZE,,,,201138,,,Tam Oshaughnessy,U,,USA,,,,6-1 6-2,3,R128
1972-W-SL-GBR-01A-1972,Wimbledon,Grass,96,G,19720626,009,200176,5,,Kerry Reid,R,,AUS,,,,201139,,,Vicky Berner,U,,CAN,,,,6-2 6-2,3,R128
1972-W-SL-GBR-01A-1972,Wimbledon,Grass,96,G,19720626,010,200890,,,Sonja Pachta,U,,AUT,,,,200288,,,Sue Mappin,R,,GBR,,,,6-3 3-6 7-5,3,R128
1972-W-SL-GBR-01A-1972,Wimbledon,Grass,96,G,19720626,011,200866,,,Linda Tuero,U,,USA,,,,200281,,,Jackie Fayter,U,,GBR,,,,6-1 6-3,3,R128
1972-W-SL-GBR-01A-1972,Wimbledon,Grass,96,G,19720626,012,200220,,,Patti Hogan,U,,USA,,,,201140,,,Wendy Appleby,U,,USA,,,,6-4 8-6,3,R128
1972-W-SL-GBR-01A-1972,Wimbledon,Grass,96,G,19720626,013,200808,,,Laura Rossouw,U,,RSA,,,,200152,,,Gail Benedetti,R,,FRA,,,,7-5 6-0,3,R128
1972-W-SL-GBR-01A-1972,Wimbledon,Grass,96,G,19720626,014,200891,,,Daphne Pattison,U,,ZIM,,,,200243,,,Glynis Coles,U,,GBR,,,,6-3 4-6 6-3,3,R128
1972-W-SL-GBR-01A-1972,Wimbledon,Grass,96,G,19720626,015,200803,,,Raquel Giscafre,U,,ARG,,,,201141,,,Di Riste,U,,GBR,,,,6-4 6-2,3,R128
1972-W-SL-GBR-01A-1972,Wimbledon,Grass,96,G,19720626,016,200283,,,Pam Teeguarden,U,,USA,,,,200902,,,Corinne Molesworth,U,,GBR,,,,9-8 6-1,3,R128
1972-W-SL-GBR-01A-1972,Wimbledon,Grass,96,G,19720626,017,200887,,,Gertruida Walhof,U,,NED,,,,200882,,,Alena Palmeova West,U,,TCH,,,,6-3 6-1,3,R128
1972-W-SL-GBR-01A-1972,Wimbledon,Grass,96,G,19720626,018,200141,,,Wendy Gilchrist,L,,AUS,,,,200860,,,Kristy Pigeon,U,,USA,,,,4-6 6-4 6-3,3,R128
1972-W-SL-GBR-01A-1972,Wimbledon,Grass,96,G,19720626,019,200185,,,Lesley Hunt,U,,AUS,,,,200868,,,Brenda Kirk,U,,RSA,,,,7-5 6-4,3,R128
1972-W-SL-GBR-01A-1972,Wimbledon,Grass,96,G,19720626,020,200356,,,Betty Stove,U,,NED,,,,201094,,,Lucia Bassi,U,,ITA,,,,6-3 6-0,3,R128
1972-W-SL-GBR-01A-1972,Wimbledon,Grass,96,G,19720626,021,200179,,,Barbara Hawcroft,U,,AUS,,,,201132,,,Susan Minford,U,,IRL,,,,6-4 6-4,3,R128
1972-W-SL-GBR-01A-1972,Wimbledon,Grass,96,G,19720626,022,200240,,,Eugenia Birioukova,U,,AZE,,,,200869,,,Maria Eugenia Guzman,U,,ECU,,,,6-4 6-1,3,R128
1972-W-SL-GBR-01A-1972,Wimbledon,Grass,96,G,19720626,023,200146,,,Cynthia Doerner,U,,AUS,,,,201135,,,Sally Hudson Beck,U,,ZIM,,,,6-4 3-6 6-4,3,R128
1972-W-SL-GBR-01A-1972,Wimbledon,Grass,96,G,19720626,024,200159,6,,Rosie Casals,R,,USA,,,,200165,,,Lany Kaligis,U,,INA,,,,6-4 6-3,3,R128
1972-W-SL-GBR-01A-1972,Wimbledon,Grass,96,G,19720626,025,200255,,,Lesley Charles,U,,GBR,,,,200238,,,Nathalie Fuchs,U,,FRA,,,,6-2 6-3,3,R128
1972-W-SL-GBR-01A-1972,Wimbledon,Grass,96,G,19720626,026,200139,,,Lita Sugiarto,U,,INA,,,,200884,,,Marijke Schaar,U,,NED,,,,7-5 7-9 6-3,3,R128
1972-W-SL-GBR-01A-1972,Wimbledon,Grass,96,G,19720626,027,201093,,,Alex Cowie,U,,GBR,,,,200876,,,Denise Carter Triolo,U,,USA,,,,6-2 6-2,3,R128
1972-W-SL-GBR-01A-1972,Wimbledon,Grass,96,G,19720626,028,200145,,,Kerry Harris,U,,AUS,,,,200904,,,Kristien Shaw,U,,USA,,,,8-6 3-6 7-5,3,R128
1972-W-SL-GBR-01A-1972,Wimbledon,Grass,96,G,19720626,029,200188,,,Helen Amos,U,,AUS,,,,200873,,,Ana Maria Arias,U,,CHI,,,,7-5 6-3,3,R128
1972-W-SL-GBR-01A-1972,Wimbledon,Grass,96,G,19720626,030,200845,,,Patricia Walkden,U,,RSA,,,,200209,,,Wendy Turnbull,U,,AUS,,,,6-0 6-3,3,R128
1972-W-SL-GBR-01A-1972,Wimbledon,Grass,96,G,19720626,031,200214,,,Christina Sandberg,U,,SWE,,,,200361,,,Marie Pinterova,U,,HUN,,,,6-4 6-2,3,R128
1972-W-SL-GBR-01A-1972,Wimbledon,Grass,96,G,19720626,032,200829,3,,Nancy Richey,R,,USA,,,,200203,,,Vicki Lancaster Kerr,U,,AUS,,,,6-2 6-1,3,R128
1972-W-SL-GBR-01A-1972,Wimbledon,Grass,96,G,19720626,033,200150,1,,Evonne Cawley,R,,AUS,,,,201129,,,Marilyn Pryde,U,,NZL,,,,6-3 6-4,3,R64
1972-W-SL-GBR-01A-1972,Wimbledon,Grass,96,G,19720626,034,201137,,,Sandy Stap,U,,USA,,,,200151,,,Ada Bakker,U,,NED,,,,6-0 5-7 6-1,3,R64
1972-W-SL-GBR-01A-1972,Wimbledon,Grass,96,G,19720626,035,200228,,,Olga Morozova,U,,URS,,,,200787,,,Fiorella Bonicelli,U,,URU,,,,7-5 7-5,3,R64
1972-W-SL-GBR-01A-1972,Wimbledon,Grass,96,G,19720626,036,200879,,,Wendy Overton,U,,USA,,,,200801,,,Kora Schediwy,U,,FRG,,,,6-1 6-4,3,R64
1972-W-SL-GBR-01A-1972,Wimbledon,Grass,96,G,19720626,037,200194,8,,Francoise Durr,R,,FRA,,,,200782,,,Esme Emanuel,U,,RSA,,,,6-1 6-1,3,R64
1972-W-SL-GBR-01A-1972,Wimbledon,Grass,96,G,19720626,038,200901,,,Nell Truman,U,,GBR,,,,200894,,,Isabel Fernandez De Soto,U,,COL,,,,6-2 6-4,3,R64
1972-W-SL-GBR-01A-1972,Wimbledon,Grass,96,G,19720626,039,200298,,,Laura Du Pont,U,,USA,,,,201092,,,Joyce Williams,U,,GBR,,,,7-9 8-6 6-2,3,R64
1972-W-SL-GBR-01A-1972,Wimbledon,Grass,96,G,19720626,040,200931,,,Marina Kroschina,U,,URS,,,,200226,,,Mona Guerrant,U,,USA,,,,6-4 2-6 6-1,3,R64
1972-W-SL-GBR-01A-1972,Wimbledon,Grass,96,G,19720626,041,200259,4,,Chris Evert,R,,USA,,,,200263,,,Janet Wright,U,,USA,,,,6-3 6-0,3,R64
1972-W-SL-GBR-01A-1972,Wimbledon,Grass,96,G,19720626,042,200175,,,Mary Ann Beattie,U,,USA,,,,201113,,,Shirley Brasher,U,,GBR,,,,6-2 4-6 6-3,3,R64
1972-W-SL-GBR-01A-1972,Wimbledon,Grass,96,G,19720626,043,200930,,,Julie Anthony,U,,USA,,,,200917,,,Veronica Burton,U,,GBR,,,,7-5 2-6 6-2,3,R64
1972-W-SL-GBR-01A-1972,Wimbledon,Grass,96,G,19720626,044,200874,,,Jill Cooper,U,,GBR,,,,200785,,,Vlasta Kodesova,U,,CZE,,,,6-3 6-2,3,R64
1972-W-SL-GBR-01A-1972,Wimbledon,Grass,96,G,19720626,045,200176,5,,Kerry Reid,R,,AUS,,,,200890,,,Sonja Pachta,U,,AUT,,,,6-0 9-7,3,R64
1972-W-SL-GBR-01A-1972,Wimbledon,Grass,96,G,19720626,046,200220,,,Patti Hogan,U,,USA,,,,200866,,,Linda Tuero,U,,USA,,,,6-1 6-4,3,R64
1972-W-SL-GBR-01A-1972,Wimbledon,Grass,96,G,19720626,047,200808,,,Laura Rossouw,U,,RSA,,,,200891,,,Daphne Pattison,U,,ZIM,,,,4-6 6-3 7-5,3,R64
1972-W-SL-GBR-01A-1972,Wimbledon,Grass,96,G,19720626,048,200283,,,Pam Teeguarden,U,,USA,,,,200803,,,Raquel Giscafre,U,,ARG,,,,6-0 1-0 RET,3,R64
1972-W-SL-GBR-01A-1972,Wimbledon,Grass,96,G,19720626,049,200887,,,Gertruida Walhof,U,,NED,,,,200141,,,Wendy Gilchrist,L,,AUS,,,,6-3 6-4,3,R64
1972-W-SL-GBR-01A-1972,Wimbledon,Grass,96,G,19720626,050,200356,,,Betty Stove,U,,NED,,,,200185,,,Lesley Hunt,U,,AUS,,,,5-7 7-5 6-2,3,R64
1972-W-SL-GBR-01A-1972,Wimbledon,Grass,96,G,19720626,051,200179,,,Barbara Hawcroft,U,,AUS,,,,200240,,,Eugenia Birioukova,U,,AZE,,,,6-3 2-6 6-4,3,R64
1972-W-SL-GBR-01A-1972,Wimbledon,Grass,96,G,19720626,052,200159,6,,Rosie Casals,R,,USA,,,,200146,,,Cynthia Doerner,U,,AUS,,,,6-2 6-8 6-0,3,R64
1972-W-SL-GBR-01A-1972,Wimbledon,Grass,96,G,19720626,053,200139,,,Lita Sugiarto,U,,INA,,,,200255,,,Lesley Charles,U,,GBR,,,,7-5 4-6 7-5,3,R64
1972-W-SL-GBR-01A-1972,Wimbledon,Grass,96,G,19720626,054,200145,,,Kerry Harris,U,,AUS,,,,201093,,,Alex Cowie,U,,GBR,,,,8-6 6-2,3,R64
1972-W-SL-GBR-01A-1972,Wimbledon,Grass,96,G,19720626,055,200845,,,Patricia Walkden,U,,RSA,,,,200188,,,Helen Amos,U,,AUS,,,,6-1 6-2,3,R64
1972-W-SL-GBR-01A-1972,Wimbledon,Grass,96,G,19720626,056,200829,3,,Nancy Richey,R,,USA,,,,200214,,,Christina Sandberg,U,,SWE,,,,5-7 6-1 6-2,3,R64
1972-W-SL-GBR-01A-1972,Wimbledon,Grass,96,G,19720626,057,200160,,,Judy Dalton,U,,AUS,,,,200251,,,Kazuko Sawamatsu,U,,JPN,,,,6-3 7-9 9-7,3,R64
1972-W-SL-GBR-01A-1972,Wimbledon,Grass,96,G,19720626,058,200184,,,Helen Cawley,U,,AUS,,,,201142,,,Kathy Blake,U,,USA,,,,7-5 6-4,3,R64
1972-W-SL-GBR-01A-1972,Wimbledon,Grass,96,G,19720626,059,200813,,,Ingrid Bentzer,R,,SWE,,,,200219,,,Patricia Coleman,U,,AUS,,,,6-3 6-3,3,R64
1972-W-SL-GBR-01A-1972,Wimbledon,Grass,96,G,19720626,060,200237,7,,Virginia Wade,R,,GBR,,,,200168,,,Karen Krantzcke,R,,AUS,,,,6-8 6-2 6-3,3,R64
1972-W-SL-GBR-01A-1972,Wimbledon,Grass,96,G,19720626,061,200211,,,Winnie Wooldridge,U,,GBR,,,,200317,,,Helga Masthoff,U,,FRG,,,,6-3 6-2,3,R64
1972-W-SL-GBR-01A-1972,Wimbledon,Grass,96,G,19720626,062,200358,,,Marcie Harper,U,,USA,,,,200274,,,Julie Heldman,U,,USA,,,,7-5 4-6 10-8,3,R64
1972-W-SL-GBR-01A-1972,Wimbledon,Grass,96,G,19720626,063,200311,,,Cecilia Martinez,U,,USA,,,,200896,,,Nancy Ornstein,U,,USA,,,,7-5 6-3,3,R64
1972-W-SL-GBR-01A-1972,Wimbledon,Grass,96,G,19720626,064,200190,2,,Billie Jean King,R,,USA,,,,200223,,,Sharon Walsh Pete,R,,USA,,,,6-2 6-0,3,R64
1972-W-SL-GBR-01A-1972,Wimbledon,Grass,96,G,19720626,065,200150,1,,Evonne Cawley,R,,AUS,,,,201137,,,Sandy Stap,U,,USA,,,,6-2 6-0,3,R32
1972-W-SL-GBR-01A-1972,Wimbledon,Grass,96,G,19720626,066,200228,,,Olga Morozova,U,,URS,,,,200879,,,Wendy Overton,U,,USA,,,,6-4 6-1,3,R32
1972-W-SL-GBR-01A-1972,Wimbledon,Grass,96,G,19720626,067,200194,8,,Francoise Durr,R,,FRA,,,,200901,,,Nell Truman,U,,GBR,,,,6-0 6-1,3,R32
1972-W-SL-GBR-01A-1972,Wimbledon,Grass,96,G,19720626,068,200298,,,Laura Du Pont,U,,USA,,,,200931,,,Marina Kroschina,U,,URS,,,,9-8 6-4,3,R32
1972-W-SL-GBR-01A-1972,Wimbledon,Grass,96,G,19720626,069,200259,4,,Chris Evert,R,,USA,,,,200175,,,Mary Ann Beattie,U,,USA,,,,8-6 8-6,3,R32
1972-W-SL-GBR-01A-1972,Wimbledon,Grass,96,G,19720626,070,200930,,,Julie Anthony,U,,USA,,,,200874,,,Jill Cooper,U,,GBR,,,,6-1 6-2,3,R32
1972-W-SL-GBR-01A-1972,Wimbledon,Grass,96,G,19720626,071,200220,,,Patti Hogan,U,,USA,,,,200176,5,,Kerry Reid,R,,AUS,,,,6-4 6-4,3,R32
1972-W-SL-GBR-01A-1972,Wimbledon,Grass,96,G,19720626,072,200283,,,Pam Teeguarden,U,,USA,,,,200808,,,Laura Rossouw,U,,RSA,,,,6-2 6-2,3,R32
1972-W-SL-GBR-01A-1972,Wimbledon,Grass,96,G,19720626,073,200356,,,Betty Stove,U,,NED,,,,200887,,,Gertruida Walhof,U,,NED,,,,6-2 9-8,3,R32
1972-W-SL-GBR-01A-1972,Wimbledon,Grass,96,G,19720626,074,200159,6,,Rosie Casals,R,,USA,,,,200179,,,Barbara Hawcroft,U,,AUS,,,,6-0 6-1,3,R32
1972-W-SL-GBR-01A-1972,Wimbledon,Grass,96,G,19720626,075,200145,,,Kerry Harris,U,,AUS,,,,200139,,,Lita Sugiarto,U,,INA,,,,3-6 6-2 6-2,3,R32
1972-W-SL-GBR-01A-1972,Wimbledon,Grass,96,G,19720626,076,200829,3,,Nancy Richey,R,,USA,,,,200845,,,Patricia Walkden,U,,RSA,,,,6-2 4-6 6-2,3,R32
1972-W-SL-GBR-01A-1972,Wimbledon,Grass,96,G,19720626,077,200184,,,Helen Cawley,U,,AUS,,,,200160,,,Judy Dalton,U,,AUS,,,,7-5 6-3,3,R32
1972-W-SL-GBR-01A-1972,Wimbledon,Grass,96,G,19720626,078,200237,7,,Virginia Wade,R,,GBR,,,,200813,,,Ingrid Bentzer,R,,SWE,,,,6-1 6-1,3,R32
1972-W-SL-GBR-01A-1972,Wimbledon,Grass,96,G,19720626,079,200211,,,Winnie Wooldridge,U,,GBR,,,,200358,,,Marcie Harper,U,,USA,,,,6-2 6-2,3,R32
1972-W-SL-GBR-01A-1972,Wimbledon,Grass,96,G,19720626,080,200190,2,,Billie Jean King,R,,USA,,,,200311,,,Cecilia Martinez,U,,USA,,,,6-1 6-3,3,R32
1972-W-SL-GBR-01A-1972,Wimbledon,Grass,96,G,19720626,081,200150,1,,Evonne Cawley,R,,AUS,,,,200228,,,Olga Morozova,U,,URS,,,,3-6 6-0 9-7,3,R16
1972-W-SL-GBR-01A-1972,Wimbledon,Grass,96,G,19720626,082,200194,8,,Francoise Durr,R,,FRA,,,,200298,,,Laura Du Pont,U,,USA,,,,6-1 6-2,3,R16
1972-W-SL-GBR-01A-1972,Wimbledon,Grass,96,G,19720626,083,200259,4,,Chris Evert,R,,USA,,,,200930,,,Julie Anthony,U,,USA,,,,6-3 6-2,3,R16
1972-W-SL-GBR-01A-1972,Wimbledon,Grass,96,G,19720626,084,200220,,,Patti Hogan,U,,USA,,,,200283,,,Pam Teeguarden,U,,USA,,,,6-3 6-4,3,R16
1972-W-SL-GBR-01A-1972,Wimbledon,Grass,96,G,19720626,085,200159,6,,Rosie Casals,R,,USA,,,,200356,,,Betty Stove,U,,NED,,,,6-3 6-2,3,R16
1972-W-SL-GBR-01A-1972,Wimbledon,Grass,96,G,19720626,086,200829,3,,Nancy Richey,R,,USA,,,,200145,,,Kerry Harris,U,,AUS,,,,6-3 7-5,3,R16
1972-W-SL-GBR-01A-1972,Wimbledon,Grass,96,G,19720626,087,200237,7,,Virginia Wade,R,,GBR,,,,200184,,,Helen Cawley,U,,AUS,,,,6-3 6-2,3,R16
1972-W-SL-GBR-01A-1972,Wimbledon,Grass,96,G,19720626,088,200190,2,,Billie Jean King,R,,USA,,,,200211,,,Winnie Wooldridge,U,,GBR,,,,6-4 6-2,3,R16
1972-W-SL-GBR-01A-1972,Wimbledon,Grass,96,G,19720626,089,200150,1,,Evonne Cawley,R,,AUS,,,,200194,8,,Francoise Durr,R,,FRA,,,,8-6 7-5,3,QF
1972-W-SL-GBR-01A-1972,Wimbledon,Grass,96,G,19720626,090,200259,4,,Chris Evert,R,,USA,,,,200220,,,Patti Hogan,U,,USA,,,,6-2 4-6 6-1,3,QF
1972-W-SL-GBR-01A-1972,Wimbledon,Grass,96,G,19720626,091,200159,6,,Rosie Casals,R,,USA,,,,200829,3,,Nancy Richey,R,,USA,,,,3-6 6-4 6-0,3,QF
1972-W-SL-GBR-01A-1972,Wimbledon,Grass,96,G,19720626,092,200190,2,,Billie Jean King,R,,USA,,,,200237,7,,Virginia Wade,R,,GBR,,,,6-1 3-6 6-3,3,QF
1972-W-SL-GBR-01A-1972,Wimbledon,Grass,96,G,19720626,093,200150,1,,Evonne Cawley,R,,AUS,,,,200259,4,,Chris Evert,R,,USA,,,,4-6 6-3 6-4,3,SF
1972-W-SL-GBR-01A-1972,Wimbledon,Grass,96,G,19720626,094,200190,2,,Billie Jean King,R,,USA,,,,200159,6,,Rosie Casals,R,,USA,,,,6-2 6-4,3,SF
1972-W-SL-GBR-01A-1972,Wimbledon,Grass,96,G,19720626,095,200190,2,,Billie Jean King,R,,USA,,,,200150,1,,Evonne Cawley,R,,AUS,,,,6-3 6-3,3,F
1972-W-SL-USA-01A-1972,US Open,Grass,64,G,19720828,001,200190,1,,Billie Jean King,R,,USA,,,,200220,,,Patti Hogan,U,,USA,,,,6-3 6-2,3,R64
1972-W-SL-USA-01A-1972,US Open,Grass,64,G,19720828,002,200782,,,Esme Emanuel,U,,RSA,,,,200866,,,Linda Tuero,U,,USA,,,,7-6 4-6 6-3,3,R64
1972-W-SL-USA-01A-1972,US Open,Grass,64,G,19720828,003,200223,,,Sharon Walsh Pete,R,,USA,,,,200139,,,Lita Sugiarto,U,,INA,,,,7-6 3-6 6-3,3,R64
1972-W-SL-USA-01A-1972,US Open,Grass,64,G,19720828,004,201244,,,Sue Stap,U,,USA,,,,200175,,,Mary Ann Beattie,U,,USA,,,,4-6 6-4 6-3,3,R64
1972-W-SL-USA-01A-1972,US Open,Grass,64,G,19720828,005,200237,8,,Virginia Wade,R,,GBR,,,,200894,,,Isabel Fernandez De Soto,U,,COL,,,,6-4 6-3,3,R64
1972-W-SL-USA-01A-1972,US Open,Grass,64,G,19720828,006,200930,,,Julie Anthony,U,,USA,,,,200263,,,Janet Wright,U,,USA,,,,2-6 6-2 6-3,3,R64
1972-W-SL-USA-01A-1972,US Open,Grass,64,G,19720828,007,200900,,,Barbara Downs,U,,USA,,,,200902,,,Corinne Molesworth,U,,GBR,,,,6-2 6-4,3,R64
1972-W-SL-USA-01A-1972,US Open,Grass,64,G,19720828,008,201132,,,Susan Minford,U,,IRL,,,,200875,,,Pamela Austin,U,,USA,,,,6-1 6-1,3,R64
1972-W-SL-USA-01A-1972,US Open,Grass,64,G,19720828,009,200159,4,,Rosie Casals,R,,USA,,,,200238,,,Nathalie Fuchs,U,,FRA,,,,6-1 6-2,3,R64
1972-W-SL-USA-01A-1972,US Open,Grass,64,G,19720828,010,200862,,,Valerie Ziegenfuss,U,,USA,,,,200146,,,Cynthia Doerner,U,,AUS,,,,6-1 3-6 6-0,3,R64
1972-W-SL-USA-01A-1972,US Open,Grass,64,G,19720828,011,200787,,,Fiorella Bonicelli,U,,URU,,,,201139,,,Vicky Berner,U,,CAN,,,,6-3 6-4,3,R64
1972-W-SL-USA-01A-1972,US Open,Grass,64,G,19720828,012,200141,,,Wendy Gilchrist,L,,AUS,,,,200869,,,Maria Eugenia Guzman,U,,ECU,,,,6-0 6-3,3,R64
1972-W-SL-USA-01A-1972,US Open,Grass,64,G,19720828,013,200144,5,,Margaret Court,R,,AUS,,,,200941,,,Janice Metcalf,U,,USA,,,,6-2 6-1,3,R64
1972-W-SL-USA-01A-1972,US Open,Grass,64,G,19720828,014,200179,,,Barbara Hawcroft,U,,AUS,,,,200873,,,Ana Maria Arias,U,,CHI,,,,6-3 6-4,3,R64
1972-W-SL-USA-01A-1972,US Open,Grass,64,G,19720828,015,201140,,,Wendy Appleby,U,,USA,,,,200924,,,Penny Moor,U,,GBR,,,,6-3 6-3,3,R64
1972-W-SL-USA-01A-1972,US Open,Grass,64,G,19720828,016,200185,,,Lesley Hunt,U,,AUS,,,,200932,,,Jeanne Evert,U,,USA,,,,6-2 6-1,3,R64
1972-W-SL-USA-01A-1972,US Open,Grass,64,G,19720828,017,200879,,,Wendy Overton,U,,USA,,,,200854,,,Maria Teresa Nasuelli,U,,ITA,,,,6-1 1-6 6-2,3,R64
1972-W-SL-USA-01A-1972,US Open,Grass,64,G,19720828,018,200356,,,Betty Stove,U,,NED,,,,200933,,,Laurie Rowley,U,,USA,,,,3-6 6-0 6-1,3,R64
1972-W-SL-USA-01A-1972,US Open,Grass,64,G,19720828,019,200228,,,Olga Morozova,U,,URS,,,,200904,,,Kristien Shaw,U,,USA,,,,6-3 5-7 6-0,3,R64
1972-W-SL-USA-01A-1972,US Open,Grass,64,G,19720828,020,200251,,,Kazuko Sawamatsu,U,,JPN,,,,200829,6,,Nancy Richey,R,,USA,,,,6-4 4-6 6-3,3,R64
1972-W-SL-USA-01A-1972,US Open,Grass,64,G,19720828,021,200274,,,Julie Heldman,U,,USA,,,,201142,,,Kathy Blake,U,,USA,,,,4-6 6-4 6-3,3,R64
1972-W-SL-USA-01A-1972,US Open,Grass,64,G,19720828,022,200298,,,Laura Du Pont,U,,USA,,,,201248,,,Judy Alvarez,U,,USA,,,,6-1 6-2,3,R64
1972-W-SL-USA-01A-1972,US Open,Grass,64,G,19720828,023,200945,,,Marita Redondo,R,,USA,,,,201138,,,Tam Oshaughnessy,U,,USA,,,,6-1 6-3,3,R64
1972-W-SL-USA-01A-1972,US Open,Grass,64,G,19720828,024,200259,3,,Chris Evert,R,,USA,,,,200922,,,Laurie Tenney,U,,USA,,,,6-1 6-1,3,R64
1972-W-SL-USA-01A-1972,US Open,Grass,64,G,19720828,025,200311,,,Cecilia Martinez,U,,USA,,,,201249,,,Rosalba Vido,U,,ITA,,,,6-0 6-4,3,R64
1972-W-SL-USA-01A-1972,US Open,Grass,64,G,19720828,026,200176,,,Kerry Reid,R,,AUS,,,,200931,,,Marina Kroschina,U,,URS,,,,6-2 6-4,3,R64
1972-W-SL-USA-01A-1972,US Open,Grass,64,G,19720828,027,200860,,,Kristy Pigeon,U,,USA,,,,201242,,,Susan Vinton,U,,USA,,,,6-1 6-1,3,R64
1972-W-SL-USA-01A-1972,US Open,Grass,64,G,19720828,028,200194,7,,Francoise Durr,R,,FRA,,,,201250,,,Brenda Garcia,U,,USA,,,,6-4 6-1,3,R64
1972-W-SL-USA-01A-1972,US Open,Grass,64,G,19720828,029,200283,,,Pam Teeguarden,U,,USA,,,,200214,,,Christina Sandberg,U,,SWE,,,,6-2 6-4,3,R64
1972-W-SL-USA-01A-1972,US Open,Grass,64,G,19720828,030,200226,,,Mona Guerrant,U,,USA,,,,200184,,,Helen Cawley,U,,AUS,,,,6-4 6-3,3,R64
1972-W-SL-USA-01A-1972,US Open,Grass,64,G,19720828,031,200168,,,Karen Krantzcke,R,,AUS,,,,200265,,,Lindsey Beaven,U,,GBR,,,,6-2 6-2,3,R64
1972-W-SL-USA-01A-1972,US Open,Grass,64,G,19720828,032,200150,2,,Evonne Cawley,R,,AUS,,,,200868,,,Brenda Kirk,U,,RSA,,,,6-2 6-2,3,R64
1972-W-SL-USA-01A-1972,US Open,Grass,64,G,19720828,033,200190,1,,Billie Jean King,R,,USA,,,,200782,,,Esme Emanuel,U,,RSA,,,,6-1 6-3,3,R32
1972-W-SL-USA-01A-1972,US Open,Grass,64,G,19720828,034,200223,,,Sharon Walsh Pete,R,,USA,,,,201244,,,Sue Stap,U,,USA,,,,7-5 3-6 6-4,3,R32
1972-W-SL-USA-01A-1972,US Open,Grass,64,G,19720828,035,200237,8,,Virginia Wade,R,,GBR,,,,200930,,,Julie Anthony,U,,USA,,,,6-4 7-5,3,R32
1972-W-SL-USA-01A-1972,US Open,Grass,64,G,19720828,036,200900,,,Barbara Downs,U,,USA,,,,201132,,,Susan Minford,U,,IRL,,,,6-4 7-6,3,R32
1972-W-SL-USA-01A-1972,US Open,Grass,64,G,19720828,037,200159,4,,Rosie Casals,R,,USA,,,,200862,,,Valerie Ziegenfuss,U,,USA,,,,6-3 6-4,3,R32
1972-W-SL-USA-01A-1972,US Open,Grass,64,G,19720828,038,200787,,,Fiorella Bonicelli,U,,URU,,,,200141,,,Wendy Gilchrist,L,,AUS,,,,6-2 7-6,3,R32
1972-W-SL-USA-01A-1972,US Open,Grass,64,G,19720828,039,200144,5,,Margaret Court,R,,AUS,,,,200179,,,Barbara Hawcroft,U,,AUS,,,,6-0 6-0,3,R32
1972-W-SL-USA-01A-1972,US Open,Grass,64,G,19720828,040,200185,,,Lesley Hunt,U,,AUS,,,,201140,,,Wendy Appleby,U,,USA,,,,6-1 6-0,3,R32
1972-W-SL-USA-01A-1972,US Open,Grass,64,G,19720828,041,200356,,,Betty Stove,U,,NED,,,,200879,,,Wendy Overton,U,,USA,,,,6-2 6-2,3,R32
1972-W-SL-USA-01A-1972,US Open,Grass,64,G,19720828,042,200228,,,Olga Morozova,U,,URS,,,,200251,,,Kazuko Sawamatsu,U,,JPN,,,,6-4 6-4,3,R32
1972-W-SL-USA-01A-1972,US Open,Grass,64,G,19720828,043,200274,,,Julie Heldman,U,,USA,,,,200298,,,Laura Du Pont,U,,USA,,,,6-3 7-6,3,R32
1972-W-SL-USA-01A-1972,US Open,Grass,64,G,19720828,044,200259,3,,Chris Evert,R,,USA,,,,200945,,,Marita Redondo,R,,USA,,,,6-1 6-2,3,R32
1972-W-SL-USA-01A-1972,US Open,Grass,64,G,19720828,045,200176,,,Kerry Reid,R,,AUS,,,,200311,,,Cecilia Martinez,U,,USA,,,,6-4 6-2,3,R32
1972-W-SL-USA-01A-1972,US Open,Grass,64,G,19720828,046,200194,7,,Francoise Durr,R,,FRA,,,,200860,,,Kristy Pigeon,U,,USA,,,,6-7 6-1 6-4,3,R32
1972-W-SL-USA-01A-1972,US Open,Grass,64,G,19720828,047,200283,,,Pam Teeguarden,U,,USA,,,,200226,,,Mona Guerrant,U,,USA,,,,6-4 6-4,3,R32
1972-W-SL-USA-01A-1972,US Open,Grass,64,G,19720828,048,200150,2,,Evonne Cawley,R,,AUS,,,,200168,,,Karen Krantzcke,R,,AUS,,,,6-3 7-5,3,R32
1972-W-SL-USA-01A-1972,US Open,Grass,64,G,19720828,049,200190,1,,Billie Jean King,R,,USA,,,,200223,,,Sharon Walsh Pete,R,,USA,,,,6-4 6-4,3,R16
1972-W-SL-USA-01A-1972,US Open,Grass,64,G,19720828,050,200237,8,,Virginia Wade,R,,GBR,,,,200900,,,Barbara Downs,U,,USA,,,,6-3 6-2,3,R16
1972-W-SL-USA-01A-1972,US Open,Grass,64,G,19720828,051,200159,4,,Rosie Casals,R,,USA,,,,200787,,,Fiorella Bonicelli,U,,URU,,,,6-0 6-4,3,R16
1972-W-SL-USA-01A-1972,US Open,Grass,64,G,19720828,052,200144,5,,Margaret Court,R,,AUS,,,,200185,,,Lesley Hunt,U,,AUS,,,,6-2 6-1,3,R16
1972-W-SL-USA-01A-1972,US Open,Grass,64,G,19720828,053,200228,,,Olga Morozova,U,,URS,,,,200356,,,Betty Stove,U,,NED,,,,6-3 7-5,3,R16
1972-W-SL-USA-01A-1972,US Open,Grass,64,G,19720828,054,200259,3,,Chris Evert,R,,USA,,,,200274,,,Julie Heldman,U,,USA,,,,6-1 6-2,3,R16
1972-W-SL-USA-01A-1972,US Open,Grass,64,G,19720828,055,200176,,,Kerry Reid,R,,AUS,,,,200194,7,,Francoise Durr,R,,FRA,,,,1-6 6-0 6-2,3,R16
1972-W-SL-USA-01A-1972,US Open,Grass,64,G,19720828,056,200283,,,Pam Teeguarden,U,,USA,,,,200150,2,,Evonne Cawley,R,,AUS,,,,7-5 6-1,3,R16
1972-W-SL-USA-01A-1972,US Open,Grass,64,G,19720828,057,200190,1,,Billie Jean King,R,,USA,,,,200237,8,,Virginia Wade,R,,GBR,,,,6-2 7-5,3,QF
1972-W-SL-USA-01A-1972,US Open,Grass,64,G,19720828,058,200144,5,,Margaret Court,R,,AUS,,,,200159,4,,Rosie Casals,R,,USA,,,,6-4 4-6 6-4,3,QF
1972-W-SL-USA-01A-1972,US Open,Grass,64,G,19720828,059,200259,3,,Chris Evert,R,,USA,,,,200228,,,Olga Morozova,U,,URS,,,,3-6 6-3 7-6,3,QF
1972-W-SL-USA-01A-1972,US Open,Grass,64,G,19720828,060,200176,,,Kerry Reid,R,,AUS,,,,200283,,,Pam Teeguarden,U,,USA,,,,6-0 6-2,3,QF
1972-W-SL-USA-01A-1972,US Open,Grass,64,G,19720828,061,200190,1,,Billie Jean King,R,,USA,,,,200144,5,,Margaret Court,R,,AUS,,,,6-4 6-4,3,SF
1972-W-SL-USA-01A-1972,US Open,Grass,64,G,19720828,062,200176,,,Kerry Reid,R,,AUS,,,,200259,3,,Chris Evert,R,,USA,,,,6-4 6-2,3,SF
1972-W-SL-USA-01A-1972,US Open,Grass,64,G,19720828,063,200190,1,,Billie Jean King,R,,USA,,,,200176,,,Kerry Reid,R,,AUS,,,,6-3 7-5,3,F
